File name, Tag name
img/ダウンロード (7).jpg, Notes
img/ダウンロード (49).jpg, Central_line
img/maxresdefault1.jpg, KiraKira
img/lth_w609_0001.png, Heart
img/qo9edr0000006zvw.jpg, Central_line
img/ダウンロード (30).jpg, Comicalize
img/publicdomainq-0012257xgk.jpg, Comicalize
img/jump-2731641_960_720.jpg, KiraKira
img/愛学祭3.jpg, Lens_flare
img/ダウンロード (10).jpg, Lens_flare
img/main_panel_190226.jpg, Heart
img/ダウンロード (50).jpg, Central_line
img/syyY13tT9Ra7o-0.jpg, Rain
img/w320-899.jpg, Change_contrast
img/thumb5.jpg, KiraKira
img/ダウンロード (17).jpg, Comicalize
img/ダウンロード (44).jpg, Heart
img/ダウンロード (29).jpg, Rain
img/ダウンロード (28).jpg, Thunder
img/ダウンロード (33).jpg, KiraKira
img/ダウンロード (12).jpg, Lens_flare
img/ダウンロード (48).jpg, KiraKira
img/ダウンロード (8).jpg, KiraKira
img/maxresdefault(1).jpg, Fire
img/jump-493889_960_720.jpg, Lens_flare
img/ダウンロード (46).jpg, Blur
img/tp_zekkei0513_12-1-670x443.jpg, Rain
img/mig.jpg, Blur
img/initanada.jpg, Rain
img/pexels-photo-433452.jpeg, Blur
img/ダウンロード (36).jpg, Central_line
img/ダウンロード (31).jpg, Central_line
img/pixta_18078177_M-680x437.jpg, Lens_flare
img/ダウンロード (43).jpg, Heart
img/ダウンロード (22).jpg, Blur
img/IMGP0569.jpg, Rain
img/ookawa201712.jpg, Comicalize
img/ダウンロード.jpg, Rain
img/L8476.png, Lens_flare
img/ダウンロード (51).jpg, Central_line
img/ダウンロード (45).jpg, Blur
img/ダウンロード (23).jpg, Zoom_in
img/ダウンロード (47).jpg, Notes
img/ダウンロード (34).jpg, Change_contrast
img/ダウンロード (52).jpg, Central_line
img/ダウンロード (5).jpg, Heart
img/sample.png, Central_line
img/main_pic.jpg, Rain
img/ダウンロード (1).jpg, Change_contrast
img/ダウンロード (39).jpg, Rain
img/okagaki08_01_1.jpg, Central_line
img/maxresdefault.jpg, Change_contrast
img/ダウンロード (35).jpg, KiraKira
img/indslide25.jpg, Change_contrast
img/shutterstock_484145824.jpg, Lens_flare
img/ダウンロード (37).jpg, Lens_flare
img/ダウンロード (19).jpg, Notes
img/ダウンロード (11).jpg, Central_line
img/ダウンロード (20).jpg, Change_contrast
img/thumb5 (1).jpg, KiraKira
img/publicdomainq-0013777adr.jpg, Lens_flare
img/ダウンロード (21).jpg, Central_line
img/ダウンロード (26).jpg, Central_line
img/ダウンロード (16).jpg, Fire
img/ダウンロード (25).jpg, Blur
img/main2.jpg, Lens_flare
img/Top10_Fotor1.jpg, Rain
img/pixta_4944248_S.jpg, Heart
img/ダウンロード (9).jpg, KiraKira
img/top2_2288.jpg, Central_line
img/resize0328-640x320.jpg, Heart
img/photo0000-1313.jpg, Lens_flare
img/ダウンロード (40).jpg, Change_contrast
img/publicdomainq-0000404uiogxh.jpg, Central_line
img/publicdomainq-0019934niw.jpg, Change_contrast
img/ダウンロード (4).jpg, Heart
img/resize0329.jpg, Heart
img/ダウンロード (6).jpg, Thunder
img/photo-post2.jpg, Lens_flare
img/ダウンロード (32).jpg, Lens_flare
img/qo9edr0000006zxe.jpg, KiraKira
img/ダウンロード (18).jpg, Fire
img/ダウンロード (54).jpg, Notes
img/teiban_02_kouchijo.jpg, Lens_flare
img/ダウンロード (42).jpg, Change_contrast
img/ダウンロード (15).jpg, Central_line
img/jfgaofiu.jpg, Lens_flare
img/KAZTDSCF6970_TP_V.jpg, Change_contrast
img/ダウンロード (14).jpg, Zoom_in
img/ダウンロード (24).jpg, Central_line
img/shutterstock_556266496.jpg, Lens_flare
img/index.jpg, Fire
img/ダウンロード (27).jpg, Central_line
img/ダウンロード (41).jpg, Change_contrast
img/ダウンロード (2).jpg, Rain
img/ダウンロード (38).jpg, Central_line
img/sdafdafd.jpg, Lens_flare
img/ダウンロード (53).jpg, Lens_flare
img/ダウンロード (13).jpg, Zoom_in
img/ダウンロード (3).jpg, Heart
img/IMG_2504.JPG, Lens_flare
img/IMG_2143.JPG, Fire
img/IMG_2812.JPG, Central_line
img/IMG_1969.JPG, Lens_flare
img/IMG_1819.jpg, Lens_flare
img/IMG_1692.jpg, Lens_flare
img/IMG_2811.JPG, KiraKira
img/IMG_1739.jpg, Central_line
img/IMG_2183.JPG, KiraKira
img/IMG_1778.jpg, Heart
img/IMG_9883.jpg, Rain
img/IMG_3103.jpg, Central_line
img/IMG_3391.jpg, KiraKira
img/IMG_9686.jpg, KiraKira
img/img_b361ebc9f708fb6eb88dfd285a3b1afb113539.jpg, Change_contrast
img/IMG_2436.JPG, Change_contrast
img/IMG_9860.jpg, Notes
img/IMG_2813.JPG, Fire
img/IMG_3042.jpg, Lens_flare
img/IMG_9915.jpg, Rain
img/IMG_1740.jpg, KiraKira
img/IMG_2474.PNG, Thunder
img/IMG_1696.jpg, Lens_flare
img/IMG_1801.jpg, Change_contrast
img/IMG_1805.jpg, Change_contrast
img/IMG_9837.jpg, Blur
img/IMG_2511.JPG, Change_contrast
img/IMG_1817.jpg, Lens_flare
img/IMG_2356.JPG, Central_line
img/IMG_2199.JPG, Fire
img/IMG_2319.JPG, Central_line
img/img_fc5dfd9910ecf9b2c66053201a685aac852902.jpg, Lens_flare
img/IMG_2181.JPG, KiraKira
img/IMG_2827.JPG, Lens_flare
img/IMG_2824.JPG, Central_line
img/IMG_9817.jpg, Notes
img/img_ba5f4c1923283ed0782a2882be96018b220095.jpg, Heart
img/IMG_9867.jpg, Rain
img/img_a94aadc729fe054bac458f9b766188a52783893.jpg, Lens_flare
img/IMG_1797.jpg, Change_contrast
img/IMG_2510.JPG, Rain
img/IMG_9851.jpg, Notes
img/IMG_2170.JPG, KiraKira
img/IMG_9692.jpg, Thunder
img/IMG_2733.JPG, Central_line
img/IMG_2463.JPG, Central_line
img/IMG_3356.jpg, Fire
img/IMG_2520.JPG, KiraKira
img/IMG_2721.JPG, Thunder
img/IMG_2465.JPG, Central_line
img/IMG_1688.jpg, Lens_flare
img/IMG_1800.jpg, Change_contrast
img/IMG_1799.jpg, Change_contrast
img/IMG_1818.jpg, Lens_flare
img/IMG_2505.JPG, Change_contrast
img/IMG_2245.JPG, Fire
img/IMG_2182.JPG, KiraKira
img/img_b032ef07525549f06b9b7b1258525974885801.jpg, Heart
img/IMG_9685.jpg, Thunder
img/IMG_9882.jpg, Rain
img/IMG_1689.jpg, Lens_flare
img/IMG_3441.jpg, KiraKira
img/IMG_2357.JPG, Zoom_in
img/IMG_7904.jpg, Notes
img/IMG_3367.JPG, Thunder
img/IMG_3292.jpg, Central_line
img/IMG_2200.JPG, Fire
img/IMG_1672.jpg, Change_contrast
img/IMG_1976.JPG, KiraKira
img/IMG_1811.jpg, Zoom_in
img/IMG_1798.jpg, Lens_flare
img/IMG_1806.jpg, Change_contrast
img/IMG_1674.jpg, Blur
img/IMG_2694.JPG, Change_contrast
img/IMG_3368.jpg, Notes
img/img_f80106d54974a6a9bd68d59bf567dd4b192966.jpg, Lens_flare
img/IMG_1807.jpg, Change_contrast
img/IMG_1733.jpg, Blur
img/IMG_1766.jpg, KiraKira
img/IMG_9682.jpg, Thunder
img/IMG_9918.jpg, Rain
img/IMG_3153.jpg, Fire
img/IMG_9939.jpg, Rain
img/IMG_2187.JPG, Fire
img/IMG_9933.jpg, Rain
img/IMG_3402.jpg, Rain
img/IMG_2142.JPG, Fire
img/IMG_1979.JPG, KiraKira
img/IMG_2355.JPG, Notes
img/IMG_20180805_153748319.jpg, Fire
img/000000005477.jpg, Thunder
img/000000002006.jpg, Notes
img/3adc2bc1239d0b61f7bdc20059dfb1b1_l.jpg, KiraKira
img/000000001296.jpg, Comicalize
img/1703_kansai_eria6_-2-670x443.jpg, Rain
img/000000001353.jpg, Heart
img/298e7220.jpg, Fire
img/3cd25e093aba78a26c86985ccb61e1e8_t.jpeg, Notes
img/000000003934.jpg, Blur
img/000000000724.jpg, Central_line
img/000000000802.jpg, Zoom_in
img/000000002261.jpg, Rain
img/000000001425.jpg, Notes
img/2019040349747_s.jpg, Change_contrast
img/000000002923.jpg, Rain
img/000000002149.jpg, Heart
img/000000006763.jpg, Heart
img/000000005001.jpg, Heart
img/000000001993.jpg, Notes
img/000000001675.jpg, Notes
img/000000003255.jpg, Change_contrast
img/000000003661.jpg, Blur
img/1.JPG, Change_contrast
img/000000004765.jpg, KiraKira
img/225px-Donald_Bradman_australian_cricket_player_pic.JPG, Blur
img/000000004395.jpg, Central_line
img/1d9d6aca9d427011379e01b76c9566ff35a728b4.jpeg, Lens_flare
img/000000000632.jpg, Change_contrast
img/000000001532.jpg, Zoom_in
img/1100bdd5977b47e04459bd5b08b8c7cc.jpg, Heart
img/00000434h1_l.jpg, KiraKira
img/000000001818.jpg, Blur
img/000000002153.jpg, Fire
img/000000002299.jpg, Blur
img/000000000872.jpg, Fire
img/000000003156.jpg, Blur
img/000000003553.jpg, Zoom_in
img/000000004495.jpg, Blur
img/000000006471.jpg, Fire
img/06a6cbce21d15e7518a0bd71dd48ebd0_m.jpg, Lens_flare
img/000000002157.jpg, Central_line
img/000000002532.jpg, Change_contrast
img/000000005193.jpg, Heart
img/000000000285.jpg, Notes
img/000000000785.jpg, Notes
img/000000002431.jpg, Blur
img/000000005600.jpg, Central_line
img/000000005529.jpg, KiraKira
img/000000002592.jpg, Thunder
img/000000003845.jpg, Central_line
img/000000000885.jpg, Fire
img/000000006614.jpg, Blur
img/000000002473.jpg, Central_line
img/000000006894.jpg, Heart
img/91ab9113c80d4f69e854e6f3cddc9ed6.jpg, Heart
img/000000001761.jpg, KiraKira
img/7eab653ef4111d270b2049fef38c43bf_t.jpeg, Change_contrast
img/000000005037.jpg, Notes
img/000000000776.jpg, Heart
img/9ce3a893f9429c269505c945d6c38208-640x410.jpg, Change_contrast
img/000000001584.jpg, Notes
img/000000002587.jpg, Blur
img/000000005060.jpg, Central_line
img/5b2785ab44efeada98fd78c7245edf18_t.jpeg, Notes
img/000000004795.jpg, Thunder
img/000000005503.jpg, Fire
img/02301_2800057_01.jpg, Change_contrast
img/5c6392512500004a0480581e.jpeg, Heart
img/99bdd650de18e10702501d9608d5be60.jpg, Change_contrast
img/000000006040.jpg, Notes
img/000000001268.jpg, KiraKira
img/00002515h1_l.jpg, Rain
img/000000003501.jpg, Central_line
img/000000006723.jpg, Notes
img/911b31ad7608ed8e71dd3e5e0fa23224_l.jpg, KiraKira
img/3bebc72b9766495a0045babf3fadec51.jpg, Lens_flare
img/6BD88BF4387B462D896CF179DA6D10F4_L.jpg, Change_contrast
img/4b2c48b3.png, Central_line
img/1c3b04ed554c4b7ace0f0dc95a64b206.jpg, Zoom_out
img/000000001000.jpg, KiraKira
img/610cb83fae5bdaa35da0f2b0dc7e68d7_t.jpeg, Central_line
img/0c66c9b4f6affa16913661a3b350e035_s.jpg, Heart
img/001372acd73d12cb59c90b.jpg, Change_contrast
img/000000006012.jpg, Blur
img/000000005992.jpg, Heart
img/000000006460.jpg, Blur
img/000000001490.jpg, Rain
img/000000004134.jpg, Comicalize
img/000000006818.jpg, Blur
img/000000006771.jpg, Comicalize
img/000000005586.jpg, Fire
img/0d8d2d3304894f4ab490ef69bfd6668e4bc1e930_p.jpeg, Change_contrast
img/000000002685.jpg, Notes
img/000000000139.jpg, Notes
img/3f233780d346ff270a5de4cd15944532.jpg, Central_line
img/79bc1dd2d6f87ec921fbe7fd2f69bcc5.jpg, Thunder
img/85ebe579.jpeg, Central_line
img/18.jpg, Fire
img/000000001503.jpg, Thunder
img/000000006213.jpg, KiraKira
img/000000006954.jpg, KiraKira
img/000000008762.jpg, KiraKira
img/971598be88e781140923eb24e7c351b1_t.jpeg, Zoom_in
img/98613f4b2fbe8bb622eff96fd781b33e.jpg, KiraKira
img/000000009378.jpg, Fire
img/5186265o-1024x683.jpg, Notes
img/000000008021.jpg, Central_line
img/888942dd95e4c20f467ce253039349d62f7237b7.jpg, Change_contrast
img/000000010707.jpg, Blur
img/000000007108.jpg, Central_line
img/000000007278.jpg, Central_line
img/000000010977.jpg, KiraKira
img/000000007888.jpg, Central_line
img/20180729_154408.jpg, Central_line
img/000000008277.jpg, Blur
img/000000009590.jpg, Notes
img/2018021800004_1.jpg, KiraKira
img/000000007088.jpg, Rain
img/c876b1b1278ff7c705ad9622e690fd6ac_26873791_190327_0001.jpg, KiraKira
img/15010532674_9ce46efec5_k.jpg, Change_contrast
img/bigdining.jpg, Notes
img/107056121_org.v1561546912.jpg, Blur
img/000000009772.jpg, KiraKira
img/000000011051.jpg, Heart
img/20150916205346.jpg, Heart
img/000000010092.jpg, Blur
img/56508853_786047691759597_309582501581849591_n.jpg, Change_contrast
img/000000008629.jpg, Comicalize
img/000000008690.jpg, Heart
img/20160824133154.jpg, Lens_flare
img/000000009914.jpg, Zoom_in
img/adpDSC_5858-750x500.jpg, Zoom_in
img/13786371.jpg, Central_line
img/3662295869_aab8115333.jpg, KiraKira
img/000000007281.jpg, Notes
img/000000007386.jpg, Central_line
img/3388305627_c39ae3df14.jpg, Blur
img/AKANE20160312422213_TP_V.jpg, KiraKira
img/11375333_389078614619860_233558032_n.jpg, Heart
img/20181115162909.jpg, Central_line
img/000000008211.jpg, Zoom_in
img/alley_cat_800.png, Heart
img/1473234117_1.jpg, Rain
img/1086992_615.jpg, Zoom_in
img/000000009483.jpg, Thunder
img/000000010764.jpg, Fire
img/11023020126.jpg, Fire
img/000000010363.jpg, Heart
img/000000011122.jpg, Zoom_in
img/aec57168-0559-4d63-97db-6195c0b3080a.jpg, Lens_flare
img/10000048.jpg, Lens_flare
img/000000007511.jpg, Lens_flare
img/000000008899.jpg, Blur
img/8329ceba.jpg, KiraKira
img/000000009448.jpg, Rain
img/000000010583.jpg, Central_line
img/15555900491451_768x1024.jpg, Rain
img/1902121_yamashina01.jpg, Change_contrast
img/62595266_124590812097470_2666221562922077568_n.jpg, Lens_flare
img/000000007574.jpg, Blur
img/000000007795.jpg, KiraKira
img/30861_main.jpg, KiraKira
img/6157922123_98600723e1_b-830x460.jpg, Central_line
img/20160608_miyazaki1-650x433.jpg, Fire
img/000000010995.jpg, Blur
img/51901317_624.jpg, Blur
img/000000008532.jpg, Comicalize
img/an_tokai_01.jpg, Central_line
img/000000007991.jpg, Blur
img/000000011197.jpg, Blur
img/160920_1353_02.jpg, Heart
img/bfd82ea59270425f0de37d590c11e2f2-750x499.jpg, Blur
img/000000009769.jpg, Central_line
img/10000001676901_6ZSwKrn6_4.jpg, Central_line
img/af928fdf54dcbad900827f71b27f4f66-750x499.jpg, Change_contrast
img/000000007784.jpg, Central_line
img/article_art002665_2.jpg, Central_line
img/127923.jpeg, Zoom_in
img/20181210191956.png, Change_contrast
img/000000007977.jpg, Fire
img/000000007816.jpg, Central_line
img/campusphoto.jpg, Change_contrast
img/000000009400.jpg, Blur
img/000000007818.jpg, Heart
img/000000009891.jpg, Blur
img/b15af_1541_169b29871fbfdddfc102e3d929e4d29a.jpg, KiraKira
img/000000011149.jpg, Blur
img/30710177_1517314858377878_6896155646878547968_n.jpg, Central_line
img/000000011511.jpg, Central_line
img/000000008844.jpg, Central_line
img/fjgaosidfug.jpg, Heart
img/images (26).jpg, Change_contrast
img/IMG_1164.jpg, Notes
img/imasia_12229011_M-768x511.jpg, Change_contrast
img/IMG_0844.JPG, Fire
img/images (18).jpg, Zoom_in
img/images (8).jpg, Change_contrast
img/images (29).jpg, Change_contrast
img/DSC05512.jpg, Notes
img/IMG_1186.jpg, KiraKira
img/DSC05508.jpg, Central_line
img/images (5).jpg, Lens_flare
img/conv3376.jpg, Zoom_in
img/IMG_0847.JPG, Fire
img/images (3).jpg, Lens_flare
img/IMG_0849.JPG, Central_line
img/DSC05521.jpg, Notes
img/IMG_1654.jpg, Change_contrast
img/dadafdgr.jpg, Change_contrast
img/images (6).jpg, Change_contrast
img/EB42C104-DA24-474B-AA3F-0CA3FAEEDE07 (1).jpg, Central_line
img/images (17).jpg, Change_contrast
img/fjdaoifu.jpg, Central_line
img/ELFADSC08931_TP_V.jpg, Lens_flare
img/DSC06048.jpg, Rain
img/CF004342ee.jpg, KiraKira
img/IMG_0105.jpg, Change_contrast
img/IMG_1661.jpg, Lens_flare
img/images (21).jpg, Thunder
img/IMG_0838.JPG, Central_line
img/images (42).jpg, Heart
img/images (36).jpg, Blur
img/images (24).jpg, KiraKira
img/DSC06001.jpg, KiraKira
img/gahag-0092726872.jpg, Change_contrast
img/images.png, Heart
img/images (40).jpg, Central_line
img/eeba1795a4f866bf39db8520884a7ac6_t.jpeg, Blur
img/image060_04.jpg, Lens_flare
img/images (13).jpg, KiraKira
img/images (11).jpg, Lens_flare
img/DSC05606.jpg, Thunder
img/floor1_2.jpg, Rain
img/content_IMG_0140.jpg, Lens_flare
img/images (27).jpg, Blur
img/images (35).jpg, KiraKira
img/IMG_0566.JPG, Blur
img/IMG_1172.jpg, Change_contrast
img/images (14).jpg, Lens_flare
img/images (23).jpg, Zoom_in
img/IMG_1662.jpg, Lens_flare
img/images (28).jpg, Central_line
img/images (43).jpg, Heart
img/fodsugfd.jpg, Fire
img/IMG_1506.jpg, Fire
img/facebook.jpg, Rain
img/IMG_1655.jpg, Change_contrast
img/images (34).jpg, Zoom_in
img/DSC05974 (1).jpg, Central_line
img/IMG_0655.JPG, Comicalize
img/images (16).jpg, KiraKira
img/images (1).jpg, Lens_flare
img/DSC06112.jpg, KiraKira
img/IMG_1664.jpg, Change_contrast
img/images (9).jpg, Zoom_in
img/cricket-390198_960_720.jpg, Fire
img/DSC04603.jpg, Heart
img/IMG_1555.jpg, Zoom_in
img/images (25).jpg, Central_line
img/images (17)(1).jpg, Lens_flare
img/IMG_1656.jpg, Change_contrast
img/images (32).jpg, Central_line
img/images (4).jpg, Notes
img/images (33).jpg, Thunder
img/DSC06044.jpg, Notes
img/e7c6373459e1e0eae80fea773fbf0605.jpg, Rain
img/DSC05602.jpg, Thunder
img/IMG_1185.jpg, Central_line
img/eyecatch-b9f774ca67231ea1565a7834b57c21370558605e6a0f8ee7f272245c9d68e6e0.jpg, Heart
img/IMG_0098.jpg, Central_line
img/IMG_0839.JPG, Fire
img/images (7).jpg, Zoom_in
img/eyecatch.jpg, Rain
img/go-3.jpg, Rain
img/images (20).jpg, Blur
img/dajodsdaa.jpg, Fire
img/images (37).jpg, Fire
img/images (31).jpg, Blur
img/IMG_1557.jpg, Change_contrast
img/DSC06117.jpg, Change_contrast
img/IMG_1559.jpg, Lens_flare
img/DSC06009.jpg, KiraKira
img/IMG_1184.jpg, Thunder
img/images (30).jpg, Lens_flare
img/eb4b74ac4074386dd08d4de7673c4153-750x499.jpg, Lens_flare
img/images(1).jpg, Fire
img/festival_sc.jpg, Blur
img/djaoguyf.jpg, Blur
img/DGTlRNmU0AA3JDv.jpg, Fire
img/images (38).jpg, Rain
img/images (10).jpg, Change_contrast
img/images (15).jpg, Change_contrast
img/images (2).jpg, Blur
img/IMG_1165.jpg, Central_line
img/DSC06111.jpg, Notes
img/images (19).jpg, Thunder
img/GettyImages-902372736-800x638.jpg, Fire
img/IMG_1663.jpg, Change_contrast
img/fdjoasfgiu.jpg, Fire
img/DSC_0204.jpg, Central_line
img/images (22).jpg, Thunder
img/img_031_01.jpg, Change_contrast
img/images (12).jpg, Lens_flare
img/DSC06123.jpg, Notes
img/images.jpg, Change_contrast
img/images (39).jpg, Central_line
img/IMG_0104.jpg, Change_contrast
img/IMG_1163.jpg, Notes
img/images (41).jpg, Zoom_in
img/IMG_1652.jpg, Change_contrast
